{
  "layerAccuracy": {
    "L1": {
      "totalSigned": 338.0000000000001,
      "correctDir": 32,
      "totalAbsError": 333.20000000000005,
      "games": 35
    },
    "L2": {
      "totalSigned": 39.7,
      "correctDir": 28,
      "totalAbsError": 560.9000000000001,
      "games": 35
    },
    "L3": {
      "totalSigned": 32.1,
      "correctDir": 26,
      "totalAbsError": 570.0999999999999,
      "games": 35
    },
    "L4": {
      "totalSigned": 3.6,
      "correctDir": 27,
      "totalAbsError": 600.7999999999998,
      "games": 35
    },
    "L5": {
      "totalSigned": 0,
      "correctDir": 35,
      "totalAbsError": 605,
      "games": 35
    },
    "v8": {
      "totalSigned": -0.08000000000000052,
      "correctDir": 26,
      "totalAbsError": 600.1000000000001,
      "games": 35
    },
    "ens": {
      "totalSigned": 208.59999999999997,
      "correctDir": 32,
      "totalAbsError": 400.79999999999995,
      "games": 35
    }
  },
  "teamK": {
    "N. Carolina": {
      "k": 20,
      "recentErrors": [
        8.1
      ]
    },
    "VCU": {
      "k": 20,
      "recentErrors": [
        8.1
      ]
    },
    "BYU": {
      "k": 20,
      "recentErrors": [
        8.4
      ]
    },
    "Texas": {
      "k": 20,
      "recentErrors": [
        8.4
      ]
    },
    "St. Mary's": {
      "k": 20,
      "recentErrors": [
        11.4
      ]
    },
    "Texas A&M": {
      "k": 20,
      "recentErrors": [
        11.4
      ]
    },
    "Houston": {
      "k": 20,
      "recentErrors": [
        1.6999999999999993
      ]
    },
    "Idaho": {
      "k": 20,
      "recentErrors": [
        1.6999999999999993
      ]
    },
    "Gonzaga": {
      "k": 20,
      "recentErrors": [
        15.600000000000001
      ]
    },
    "Kennesaw St.": {
      "k": 20,
      "recentErrors": [
        15.600000000000001
      ]
    },
    "Georgia": {
      "k": 20,
      "recentErrors": [
        17.9
      ]
    },
    "Saint Louis": {
      "k": 20,
      "recentErrors": [
        17.9
      ]
    },
    "Florida": {
      "k": 20,
      "recentErrors": [
        23.799999999999997
      ]
    },
    "Prairie View": {
      "k": 20,
      "recentErrors": [
        23.799999999999997
      ]
    },
    "Iowa State": {
      "k": 20,
      "recentErrors": [
        8.100000000000001,
        8.899999999999999
      ]
    },
    "Tennessee St.": {
      "k": 20,
      "recentErrors": [
        8.100000000000001,
        8.899999999999999
      ]
    },
    "Purdue": {
      "k": 20,
      "recentErrors": [
        5.5,
        6.100000000000001
      ]
    },
    "Queens": {
      "k": 20,
      "recentErrors": [
        5.5,
        6.100000000000001
      ]
    },
    "UConn": {
      "k": 20,
      "recentErrors": [
        9.600000000000001,
        9.600000000000001
      ]
    },
    "Furman": {
      "k": 20,
      "recentErrors": [
        9.600000000000001,
        9.600000000000001
      ]
    },
    "Virginia": {
      "k": 20,
      "recentErrors": [
        4.800000000000001,
        6.800000000000001
      ]
    },
    "Wright St.": {
      "k": 20,
      "recentErrors": [
        4.800000000000001,
        6.800000000000001
      ]
    },
    "Alabama": {
      "k": 20,
      "recentErrors": [
        11.2,
        10.5
      ]
    },
    "Hofstra": {
      "k": 20,
      "recentErrors": [
        11.2,
        10.5
      ]
    },
    "Kansas": {
      "k": 20,
      "recentErrors": [
        4.9,
        4.4
      ]
    },
    "Cal Baptist": {
      "k": 20,
      "recentErrors": [
        4.9,
        4.4
      ]
    },
    "Texas Tech": {
      "k": 20,
      "recentErrors": [
        16.3,
        16.1
      ]
    },
    "Akron": {
      "k": 20,
      "recentErrors": [
        16.3,
        16.1
      ]
    },
    "St. John's": {
      "k": 20,
      "recentErrors": [
        15.7,
        14.7
      ]
    },
    "N. Iowa": {
      "k": 20,
      "recentErrors": [
        15.7,
        14.7
      ]
    },
    "Tennessee": {
      "k": 20,
      "recentErrors": [
        11.6
      ]
    },
    "Miami OH": {
      "k": 20,
      "recentErrors": [
        11.6
      ]
    },
    "Kentucky": {
      "k": 20,
      "recentErrors": [
        4.9,
        8.5
      ]
    },
    "Santa Clara": {
      "k": 20,
      "recentErrors": [
        4.9,
        8.5
      ]
    },
    "UCLA": {
      "k": 20,
      "recentErrors": [
        0.40000000000000036,
        0.5
      ]
    },
    "UCF": {
      "k": 20,
      "recentErrors": [
        0.40000000000000036,
        0.5
      ]
    },
    "Miami FL": {
      "k": 20,
      "recentErrors": [
        12,
        10.7
      ]
    },
    "Missouri": {
      "k": 20,
      "recentErrors": [
        12,
        10.7
      ]
    },
    "Villanova": {
      "k": 20,
      "recentErrors": [
        9.2,
        10.9
      ]
    },
    "Utah State": {
      "k": 20,
      "recentErrors": [
        9.2,
        10.9
      ]
    },
    "Clemson": {
      "k": 20,
      "recentErrors": [
        3.8,
        6.5
      ]
    },
    "Iowa": {
      "k": 20,
      "recentErrors": [
        3.8,
        6.5
      ]
    },
    "Arizona": {
      "k": 20,
      "recentErrors": [
        7.5
      ]
    },
    "LIU": {
      "k": 20,
      "recentErrors": [
        7.5
      ]
    }
  },
  "situations": {
    "bySpreadBucket": {
      "3-7": {
        "correct": 5,
        "total": 7,
        "avgError": 0,
        "totalError": 60.599999999999994
      },
      "0-3": {
        "correct": 5,
        "total": 8,
        "avgError": 0,
        "totalError": 67.1
      },
      "14+": {
        "correct": 11,
        "total": 11,
        "avgError": 0,
        "totalError": 103.19999999999997
      },
      "7-14": {
        "correct": 9,
        "total": 9,
        "avgError": 0,
        "totalError": 95.7
      }
    },
    "bySeedMatchup": {
      "6v11": {
        "correct": 1,
        "total": 3
      },
      "7v10": {
        "correct": 6,
        "total": 7
      },
      "2v15": {
        "correct": 7,
        "total": 7
      },
      "3v14": {
        "correct": 3,
        "total": 3
      },
      "8v9": {
        "correct": 3,
        "total": 5
      },
      "1v16": {
        "correct": 2,
        "total": 2
      },
      "4v13": {
        "correct": 4,
        "total": 4
      },
      "5v12": {
        "correct": 4,
        "total": 4
      }
    },
    "byRound": {
      "1": {
        "correct": 30,
        "total": 35
      }
    },
    "favVsDog": {
      "fav": {
        "correct": 26,
        "total": 28
      },
      "dog": {
        "correct": 4,
        "total": 7
      }
    }
  },
  "injuryImpact": {
    "N. Carolina": {
      "withInjury": {
        "games": 0,
        "totalError": 0
      },
      "without": {
        "games": 1,
        "totalError": 8.1
      }
    },
    "VCU": {
      "withInjury": {
        "games": 0,
        "totalError": 0
      },
      "without": {
        "games": 1,
        "totalError": 8.1
      }
    },
    "BYU": {
      "withInjury": {
        "games": 0,
        "totalError": 0
      },
      "without": {
        "games": 1,
        "totalError": 8.4
      }
    },
    "Texas": {
      "withInjury": {
        "games": 0,
        "totalError": 0
      },
      "without": {
        "games": 1,
        "totalError": 8.4
      }
    },
    "St. Mary's": {
      "withInjury": {
        "games": 0,
        "totalError": 0
      },
      "without": {
        "games": 1,
        "totalError": 11.4
      }
    },
    "Texas A&M": {
      "withInjury": {
        "games": 0,
        "totalError": 0
      },
      "without": {
        "games": 1,
        "totalError": 11.4
      }
    },
    "Houston": {
      "withInjury": {
        "games": 0,
        "totalError": 0
      },
      "without": {
        "games": 1,
        "totalError": 1.6999999999999993
      }
    },
    "Idaho": {
      "withInjury": {
        "games": 0,